Procesos,TotalOps,TiempoTotal,TiempoPorOp
1,20,1.00893902778625,0.0504469513893127
2,40,1.01365399360657,0.0253413498401642
4,80,1.02045011520386,0.0127556264400482
6,120,1.02492308616638,0.00854102571805318
8,160,1.03479290008545,0.00646745562553406
12,240,1.09761595726013,0.00457339982191722
