Procesos,TotalOps,TiempoTotal,TiempoPorOp
1,20,1.01332998275757,0.0506664991378784
2,40,1.01282501220703,0.0253206253051758
4,80,1.02848196029663,0.0128560245037079
6,120,2.0873908996582,0.0173949241638184
8,160,2.163409948349,0.0135213121771812
12,240,3.28271698951721,0.0136779874563217
